"","lon","lat"
"1",-92.5925558,40.1936815
"2",-99.7082877,32.4703417
"3",-93.2997852,44.8557657
"4",-82.322021,29.650076
"5",-73.9001254,40.9362656
"6",-80.1214831,26.7065157
"7",-122.4004678,37.7879584
"8",-122.2696868,37.8059875
"9",-118.3756373,34.0646351
"10",-104.6910407,40.4260559
"11",-122.267637,37.862768
"12",-80.3642011,25.6863308
"13",-73.6505722,40.7220997
"14",-93.25229,44.862929
"15",-123.1231862,49.2852633
"16",-84.0591739,41.8985832
"17",-118.1579895,33.9154524
"18",-118.3001887,34.0606981
"19",-76.240959,36.853328
"20",-116.9817959,32.8190077
"21",-84.2945537,33.7692226
"22",-93.6455834,41.5619576
"23",-85.3410797,31.2060765
"24",-149.1118058,61.5985208
"25",-149.856966,61.1813966
"26",-151.1358675,60.4904522
"27",-149.8027203,61.1910518
"28",-73.7786,42.6519829
"29",-73.776883,42.651343
"30",-73.7767885,42.6536322
"31",-72.9226957,41.3316093
"32",-84.7451775,42.2440064
"33",-75.910629,40.3615027
"34",-80.053085,39.1579337
"35",NA,NA
"36",-77.786103,42.2558218
"37",-82.8735944,37.3359167
"38",-80.1449494,41.649349
"39",-80.860503,40.8672095
"40",-117.0957807,32.8958747
"41",-117.7295465,33.6230648
"42",-80.202466,26.170019
"43",-84.6699398,43.379011
"44",-75.9354668,40.3090958
"45",-87.9636173,42.9835246
"46",-96.6529249,32.859847
"47",-73.9936649,40.7689191
"48",-93.1810083,45.0152928
"49",-87.6247831,41.8773229
"50",-73.9848219,40.7454399
"51",-86.7898667,36.202408
"52",-122.2560423,37.8652659
"53",-118.292477,34.079331
"54",-117.583825,34.06818
"55",-95.5250595,29.7358038
"56",-122.6759675,45.4869558
"57",-122.3980237,37.7605354
"58",-122.410247,37.7869492
"59",-118.3099624,34.1075984
"60",-112.0917101,33.5778161
"61",-82.988432,40.1026154
"62",-72.557144,42.112853
"63",-118.4725275,34.1263884
"64",-80.393844,25.6627951
"65",-73.9875806,40.7721673
"66",-79.2287206,37.3524601
"67",-77.8600819,39.2877823
"68",-104.8310514,39.6765847
"69",-77.0879031,38.9371592
"70",-118.1715309,33.7969363
"71",-66.4783025,18.4341731
"72",-72.5170028,42.3709104
"73",-86.1738249,32.3626131
"74",-85.97218,41.655814
"75",-86.445869,41.338161
"76",-85.6651536,40.1114829
"77",-82.638025,34.514112
"78",-71.1889601,42.3248568
"79",-84.7950894,31.772328
"80",-86.3593038,41.9642053
"81",-118.298958,34.061413
"82",-71.917944,42.327075
"83",-83.908854,39.8032391
"84",-84.5107232,39.1042019
"85",-97.8006163,30.2288519
"86",-78.8413111,35.9225125
"87",-81.200063,37.852625
"88",-82.0062679,37.2116346
"89",-82.0964561,37.2779917
"90",-85.6285917,42.9603278
"91",-86.844046,36.132115
"92",-90.2379251,38.6341331
"93",-75.1648845,40.0914406
"94",-112.026236,33.595175
"95",-112.1540128,33.5661373
"96",-110.929208,32.264504
"97",-92.2895423,34.7350599
"98",-97.1567294,32.7380287
"99",-84.5138767,39.1088559
"100",-118.1851569,34.1688713
"101",-84.3178525,39.2887466
"102",-79.9996021,40.4371815
"103",-73.9860266,40.6923604
"104",-84.6602771,37.8624058
"105",-84.6618991,37.8632761
"106",-117.1808356,34.0583638
"107",-121.415781,38.58774
"108",-117.141995,32.8273269
"109",-82.323051,40.8619296
"110",-104.9391024,39.6861591
"111",-71.8289631,42.2947143
"112",-66.4883687,18.4296637
"113",-84.1052743,33.9610724
"114",-84.388009,33.7934119
"115",-80.1420424,26.1220774
"116",-66.1117395,18.3574023
"117",-87.626714,41.883029
"118",-93.241798,44.966821
"119",-90.5507098,41.5051053
"120",-96.7390392,43.5248497
"121",-81.403554,40.795967
"122",-88.3491545,41.7541302
"123",-96.594854,33.64626
"124",-97.7117114,30.3437873
"125",-97.737741,30.292518
"126",-81.7313185,26.242147
"127",-81.438451,26.336502
"128",-79.4134872,36.5776792
"129",-80.3672852,27.4872018
"130",-94.5926275,38.9124721
"131",-80.1515248,26.2031941
"132",-117.8883593,34.1300755
"133",-71.2659951,42.2993708
"134",-95.3350876,35.7767117
"135",-122.331176,47.600523
"136",-76.674343,39.3795046
"137",-74.068655,41.113838
"138",-74.2112833,40.0997674
"139",-83.6961214,42.9754572
"140",-95.188819,38.777439
"141",-96.7539921,32.8944484
"142",-81.8478088,41.3711165
"143",-73.9664929,40.8056966
"144",-93.2853642,37.2397278
"145",-75.6854254,41.4951198
"146",-85.5046179,30.9626164
"147",-98.568129,29.516944
"148",-95.2555359,31.9789669
"149",-77.4684553,37.6323401
"150",-98.5460996,29.3499665
"151",-99.104887,37.620996
"152",-73.9100544,42.0203897
"153",-73.9639632,40.8090974
"154",-80.1963047,25.8791435
"155",-77.9162702,35.7351078
"156",-122.251922,47.729951
"157",-70.2021865,44.1057216
"158",-91.0708487,30.4272967
"159",-72.5838321,42.0555616
"160",-71.0769203,42.3517285
"161",-66.180761,18.399549
"162",-95.3961698,29.7104397
"163",-97.1143146,31.549841
"164",-74.0284057,41.139178
"165",-81.874798,28.810788
"166",-71.811918,42.2670243
"167",-84.641397,39.0172165
"168",-73.751601,40.5968836
"169",-104.875901,39.686154
"170",-73.9158675,42.8029696
"171",-90.1688125,32.3198513
"172",-85.7046817,38.2184666
"173",-95.920499,41.1509234
"174",-87.9217586,44.468336
"175",-81.0431492,35.2621669
"176",-86.7940699,36.1328981
"177",-89.0309048,42.5030333
"178",-95.1113744,39.5731522
"179",-88.0967798,41.7783779
"180",NA,NA
"181",-73.2359361,42.9202725
"182",-71.22168,42.3856989
"183",-84.2932355,37.5695232
"184",-122.7207466,38.3536853
"185",-73.979561,40.7539343
"186",-74.1872249,40.9004188
"187",-71.0895292,42.3465952
"188",-85.189199,34.290361
"189",-73.981136,40.635444
"190",-73.992678,40.6052279
"191",-74.2220292,40.0956095
"192",NA,NA
"193",-80.559834,40.206055
"194",-93.990284,44.166156
"195",-84.9106908,39.8261568
"196",-86.196199,41.678297
"197",-97.3425835,38.0747608
"198",-76.4093676,37.0403567
"199",-93.1610252,45.0581152
"200",-88.5167781,36.1378356
"201",-117.9413646,33.842355
"202",-81.0322912,29.2120348
"203",-84.3578094,33.7368983
"204",-87.591039,41.785706
"205",-75.3038108,40.2816397
"206",-80.032484,40.457274
"207",-118.0152341,33.9055049
"208",-86.854721,33.51392
"209",-122.538407,45.4767614
"210",-89.8733533,39.2886265
"211",-113.0093085,48.5519152
"212",-71.3110243,42.3394321
"213",-91.3983317,39.9356314
"214",NA,NA
"215",NA,NA
"216",-89.0293182,34.6721036
"217",-81.246277,37.244538
"218",-83.897922,40.8968149
"219",-82.362062,34.876487
"220",-116.2913775,43.6581815
"221",-77.4330528,37.6468058
"222",-73.9464526,40.8336649
"223",-71.0857391,42.3484629
"224",-71.11015,42.253995
"225",-71.1684945,42.3355488
"226",-71.0900107,42.3462021
"227",-71.1331033,42.3391142
"228",-71.1053991,42.3504997
"229",-69.9623764,43.9085145
"230",-89.6153484,40.6977743
"231",-71.2585265,42.3662517
"232",-83.822032,34.302811
"233",-88.170304,43.0369249
"234",-87.1119826,37.7689415
"235",-82.7293012,35.2365947
"236",-82.5847649,32.1857919
"237",-96.4270388,42.5270102
"238",-78.969386,38.378879
"239",-111.6493156,40.2518435
"240",-157.9253554,21.641842
"241",-111.782753,43.818146
"242",-111.941832,40.6103114
"243",-112.112536,33.566153
"244",-73.9896878,40.6918663
"245",-81.6016038,30.2899097
"246",-71.4025482,41.8267718
"247",-84.9986887,35.4976178
"248",-96.650422,40.797057
"249",-118.3029954,34.0615447
"250",-92.4890469,34.5959265
"251",-71.5384787,41.921252
"252",-75.0602933,40.1348603
"253",-75.3144708,40.0266246
"254",-76.8847321,40.9548827
"255",-75.0070336,40.1663733
"256",-95.21007,42.640722
"257",-80.091614,26.510742
"258",-73.7090476,40.6630424
"259",-86.1711908,39.8411235
"260",-80.0158146,40.4844596
"261",-80.6008602,35.43995
"262",-75.3737129,40.0553178
"263",-74.908454,40.165681
"264",-74.2719702,40.8339629
"265",-117.4255596,33.9284067
"266",-118.6017342,34.1975375
"267",-119.7108224,36.7500277
"268",-122.2503541,37.8362513
"269",-122.416334,37.774573
"270",-118.125269,34.1376576
"271",-118.5668491,34.3932823
"272",-118.8786765,34.2255657
"273",-117.118095,32.779234
"274",-117.941974,33.8420337
"275",-117.1624897,32.721719
"276",-87.4940145,41.6709897
"277",-94.5447532,38.8375729
"278",-85.5889329,42.9295084
"279",-85.5865166,42.9279609
"280",-79.1664003,40.6173518
"281",-71.1108762,42.3687931
"282",-121.651772,39.13958
"283",-90.088701,29.965948
"284",-78.7394297,35.4083372
"285",-85.348925,37.343857
"286",-78.8514848,42.9248338
"287",-80.316536,36.362591
"288",-64.1951479,-31.4573715
"289",-76.851195,39.046259
"290",-87.9079842,43.1398021
"291",-119.7194206,39.5408989
"292",-98.5511066,29.4919265
"293",-84.5371269,42.6990814
"294",-79.7090305,40.5832582
"295",-96.7516129,43.5079419
"296",-66.1679291,18.3831199
"297",-93.1560904,44.4613533
"298",-66.1140275,18.4665523
"299",-79.9634386,40.4392049
"300",-79.9434567,40.4434658
"301",-80.256248,36.146124
"302",-78.939499,35.051371
"303",-112.03888,46.600734
"304",-88.2285124,43.0044863
"305",-83.490358,36.122362
"306",-87.8198185,42.6238133
"307",-84.5156485,33.7228254
"308",-118.4576386,34.1926362
"309",-81.6083838,41.5043413
"310",-80.4827508,35.691389
"311",NA,NA
"312",-87.5859676,41.7978447
"313",-76.998692,38.9368811
"314",-75.854914,42.932504
"315",-118.306266,34.062068
"316",-75.5191992,40.5862612
"317",-83.8126484,39.7495714
"318",-93.7321556,32.4847432
"319",-74.834676,40.846359
"320",-95.558709,29.753166
"321",-66.118519,18.466744
"322",-92.4448801,35.0831613
"323",-94.8381739,39.0094077
"324",-92.42759,39.397969
"325",-92.919667,41.400595
"326",-70.217293,44.10043
"327",-92.6845608,39.1484189
"328",-76.9346183,40.3049759
"329",-73.9387668,40.6697546
"330",-84.782037,37.6457214
"331",-76.0645119,36.837538
"332",-157.8073979,21.2905834
"333",-73.2041352,44.4731165
"334",-117.853647,33.7932282
"335",-118.242526,33.925633
"336",-79.938292,32.790198
"337",-80.07145,32.982704
"338",-149.8393167,61.1963065
"339",-83.886912,39.2103657
"340",-79.9234461,40.4475765
"341",-85.2158608,35.0089918
"342",-77.373918,37.348819
"343",-75.2286092,40.0866725
"344",-118.2572431,34.0479222
"345",-87.59117,41.785647
"346",-77.0983131,36.4362956
"347",-84.5094933,39.1216311
"348",-78.6604397,42.7714484
"349",-89.982519,35.127385
"350",-121.2962571,38.0297345
"351",-86.1783417,39.8331938
"352",-0.142178,51.5218663
"353",-122.261079,37.8762337
"354",-84.554644,39.1124565
"355",-84.505578,39.2066
"356",-80.1703458,26.1874318
"357",-122.3444475,47.6178002
"358",-94.5710329,39.0703387
"359",-80.854255,33.4989367
"360",-117.713872,34.103824
"361",-117.7079219,34.1017767
"362",-117.7160811,34.1081003
"363",-84.4116761,33.7507696
"364",-71.82473,42.2521783
"365",-90.69135,42.50888
"366",-95.9754506,41.2593411
"367",-74.998544,44.6637611
"368",-83.7275892,36.7253444
"369",-82.697928,27.963525
"370",-83.8805151,42.5874234
"371",-81.6024146,41.5104317
"372",-81.6087868,41.5124317
"373",-90.3388889,41.4902361
"374",-81.0429245,34.9134144
"375",-117.861362,33.775768
"376",-73.8864694,40.9688196
"377",-91.6591287,41.9884283
"378",-121.9408736,37.4140439
"379",-80.0704915,34.3765882
"380",-69.6626362,44.5638691
"381",-71.978033,43.412062
"382",-117.1362699,32.8217704
"383",-77.6003087,43.1321842
"384",-75.5407681,42.8157506
"385",-83.0628312,42.3613504
"386",-95.5065116,29.7166608
"387",-80.3374936,25.7685487
"388",-80.2393112,25.7897869
"389",-87.0663325,41.4675495
"390",-97.7135592,30.3292975
"391",-95.4530087,29.7989417
"392",-116.676876,43.653597
"393",-73.9030113,40.9124186
"394",-84.637835,39.095713
"395",-73.7811969,40.9016643
"396",-94.3922299,45.5800433
"397",-74.439389,40.78059
"398",-96.0216128,41.2402345
"399",-73.7856653,42.6640994
"400",-92.1050727,46.8152676
"401",-73.0006774,43.598154
"402",-71.833405,43.315052
"403",-68.2225667,44.3944241
"404",-71.8052464,42.2378888
"405",-93.2385421,36.6197814
"406",-73.78441,41.0336475
"407",-81.9336187,40.8110501
"408",-104.7903812,38.7941861
"409",-105.094751,39.712682
"410",-104.824394,38.846594
"411",-105.027703,39.6602044
"412",-105.082356,39.697063
"413",-105.104271,39.741793
"414",-104.9601816,39.7394099
"415",-66.0225749,18.2234153
"416",-92.3263201,38.9569623
"417",-81.030911,34.045537
"418",-92.3263201,38.9569623
"419",-87.6244445,41.8742257
"420",-118.5388957,34.1794632
"421",-87.9177728,43.0973453
"422",-81.0755088,34.0753322
"423",-87.6530263,30.3292553
"424",-84.2817405,33.7638326
"425",-73.9625727,40.8075355
"426",-82.989781,39.965001
"427",-95.4303242,29.9895607
"428",-75.655996,41.413268
"429",-95.9050671,36.1014861
"430",-85.667043,42.961829
"431",-94.681878,40.240151
"432",-94.58972,39.06803
"433",-73.8216889,40.9425436
"434",-96.7700579,46.8628042
"435",-90.312138,38.6381398
"436",-85.1096144,41.1390374
"437",-117.8108672,33.6536915
"438",-97.0918169,40.9152098
"439",-122.6368874,45.5701912
"440",-93.1566908,44.9494665
"441",-87.809449,41.8996879
"442",-97.8386576,30.4203119
"443",-87.9145572,43.2538224
"444",-72.1045869,41.3786877
"445",-76.756953,39.984673
"446",-81.9186956,34.9561776
"447",-72.694789,42.5055867
"448",-73.9916086,40.7280822
"449",-122.9589391,44.8830429
"450",-91.4253502,41.9269546
"451",-76.4735027,42.4534492
"452",-85.596614,42.98274
"453",-122.3362429,47.6181721
"454",-94.370981,37.837377
"455",-91.0483453,30.4310526
"456",-85.3749794,34.9654583
"457",-90.4520795,38.6436756
"458",-93.2892948,37.2251883
"459",-87.634842,41.8809289
"460",-83.2501995,42.5728496
"461",-96.0827307,41.2910454
"462",-95.9446246,41.264968
"463",-96.7767961,32.7934834
"464",-76.1375406,43.0400305
"465",-90.584504,36.066437
"466",-93.743283,44.885679
"467",-95.3786276,29.8235711
"468",-73.933346,41.745685
"469",-91.5335407,40.1290996
"470",-86.3003331,36.2040329
"471",-71.1148112,42.2406763
"472",-75.1706353,39.9488136
"473",-78.8908267,42.9025804
"474",-80.2109047,25.7945945
"475",-78.7884384,42.9648902
"476",-98.03122,43.697665
"477",-96.9469421,32.7092263
"478",-96.8875863,32.9137019
"479",-96.6834154,32.771387
"480",-96.7345984,32.9137965
"481",-96.780518,32.7945265
"482",-79.4054117,36.5777873
"483",-82.568608,35.606772
"484",-72.2886934,43.7044406
"485",-85.5302652,42.8498108
"486",-80.8431315,35.5024917
"487",-121.7405167,38.5449065
"488",-75.9618882,42.1011054
"489",-75.9618882,42.1011054
"490",-87.1436144,37.7377804
"491",-88.6325575,37.0676692
"492",-86.6719084,36.146175
"493",-81.0800305,29.2701654
"494",-71.3983948,42.085449
"495",-80.0154298,40.4102229
"496",-84.3543503,41.2967781
"497",-75.5498204,39.741866
"498",-75.1588217,40.2987672
"499",-123.9888258,40.8809052
"500",-91.1139974,30.4640395
"501",-93.2137424,30.2289861
"502",-82.522643,40.074025
"503",-105.0224026,39.6005925
"504",-87.627281,41.877924
"505",-86.8628946,39.6393943
"506",-93.6616902,41.5835804
"507",-75.3792986,40.5387807
"508",-117.1674021,32.8809005
"509",-88.0076967,41.8333151
"510",-77.197232,40.2027214
"511",-122.1506773,47.6888771
"512",-80.110629,26.395091
"513",-90.067542,29.9948773
"514",-90.9354909,42.44287
"515",-96.950967,40.622954
"516",-73.9505947,41.0471959
"517",-122.2645961,37.8811387
"518",-87.8220588,41.9024125
"519",-122.5129887,37.9798656
"520",127.0007751,37.5575367
"521",-94.6503,39.112333
"522",-96.1663608,43.0824829
"523",-79.888441,40.1615573
"524",-73.1478835,40.7425805
"525",-82.3132143,29.6674505
"526",-105.340268,40.431928
"527",-74.4269765,40.760567
"528",-75.1899441,39.9566127
"529",-93.2847716,37.2183829
"530",-78.754673,41.124512
"531",-78.9382286,36.0014258
"532",-92.157558,46.741662
"533",-93.2901335,44.9727807
"534",-79.9901728,40.4372949
"535",-111.9036035,40.6500443
"536",-84.9100994,39.8262458
"537",-94.3747227,32.5574273
"538",-87.624743,41.871281
"539",-74.0608518,40.7354287
"540",-78.8793097,38.4719168
"541",-71.0107748,42.2713976
"542",-75.3707195,40.0516866
"543",-77.49571,38.241129
"544",-74.0404431,40.8858075
"545",-74.1315284,41.0579586
"546",-94.2368474,36.214049
"547",-82.68816,27.715886
"548",-76.1788665,36.8425501
"549",-83.0550938,42.3442184
"550",-90.3448329,38.5928115
"551",-89.423378,43.060689
"552",-66.0195429,18.248599
"553",-66.0555017,18.4152171
"554",-80.4060754,37.1996973
"555",-81.6836991,30.3436839
"556",-76.589792,40.1503251
"557",-87.945605,41.895871
"558",-76.809288,42.090047
"559",-76.8153705,42.0967817
"560",-72.6005529,42.1416694
"561",-79.5038882,36.1048749
"562",-81.0500188,29.191617
"563",-71.0656551,42.3520298
"564",-83.1482112,34.2836001
"565",-71.1030087,42.3418196
"566",-82.2986742,36.3018473
"567",-90.705783,42.508698
"568",-84.3239989,33.7925195
"569",-84.3239989,33.7925195
"570",-118.4851591,34.0304146
"571",-122.7293475,38.4681415
"572",-70.8426648,42.5519539
"573",-121.3625795,38.6451516
"574",-71.1246795,42.3765184
"575",-97.7325381,30.2931675
"576",-80.1007178,42.0715797
"577",-87.6320876,41.8906341
"578",-82.3905527,34.3305278
"579",-80.7231905,41.1869725
"580",-89.267575,40.71398
"581",-93.2629905,37.2198881
"582",-76.307078,40.372754
"583",-66.0528588,18.4069163
"584",-73.8629487,42.7054344
"585",-122.2951051,37.8475599
"586",-73.2573625,41.1587639
"587",-74.030864,40.8977928
"588",-93.624298,41.73667
"589",-76.6059509,39.3716517
"590",-96.9014236,35.4623548
"591",-118.2600172,34.0441931
"592",-86.2187194,32.3849572
"593",-74.1121332,40.8308738
"594",-80.0206987,36.9264771
"595",-119.717472,34.4292763
"596",-71.1928532,42.1814475
"597",-88.5891047,47.1265521
"598",-71.07417,42.35531
"599",-86.8036732,36.1672514
"600",-121.9980494,36.9644346
"601",-73.369859,40.794627
"602",-81.3148867,29.8927054
"603",-81.580487,30.232719
"604",-82.383495,28.0345593
"605",-81.401812,28.463562
"606",-80.1505003,26.2753054
"607",-80.2906817,25.7631837
"608",-81.3675993,28.576276
"609",-80.623022,28.0646888
"610",-80.2708329,25.9182174
"611",-80.321731,25.861521
"612",-81.9449165,28.0313288
"613",-81.1964968,28.5732425
"614",-90.3158907,38.6415452
"615",-73.8856987,40.8620404
"616",-82.6420955,34.49991
"617",-83.920668,36.029224
"618",-117.3201763,33.2325181
"619",-80.6203713,40.3765186
"620",-111.844977,33.606281
"621",-86.8688899,35.9250637
"622",-86.045479,39.478646
"623",-72.0555393,42.7789743
"624",-82.9903407,39.9583587
"625",-71.2636653,42.2931671
"626",-88.637402,35.439035
"627",-118.0970076,33.8683469
"628",-119.7357524,36.7262997
"629",-97.3665583,37.6779869
"630",-83.379398,37.1655657
"631",-81.3014053,28.5963409
"632",-118.1404172,34.1477704
"633",-82.4382693,34.9237
"634",-79.40486,38.709433
"635",-76.9923875,38.908422
"636",-82.2567432,38.843035
"637",-80.0865882,42.1282445
"638",-81.670737,35.247563
"639",-87.675652,42.056128
"640",-74.0039926,40.7458439
"641",-80.323277,40.7715964
"642",-122.970532,45.302754
"643",-77.0485992,38.8997145
"644",-77.0722585,38.9076089
"645",-84.2678376,33.9288674
"646",-74.2274498,40.0997898
"647",-77.2375078,39.8362073
"648",-77.1384724,38.8133087
"649",-73.9893598,40.7531589
"650",-92.942019,44.9454345
"651",-84.5058698,39.1158102
"652",-72.4380985,44.2789722
"653",-122.398982,37.789292
"654",-75.6895335,39.7415725
"655",-90.2588788,38.6370514
"656",-117.4023849,47.667189
"657",-84.5206726,39.140035
"658",NA,NA
"659",-72.6404704,41.7428246
"660",-70.8209286,42.5893751
"661",-70.8450204,42.6124501
"662",-85.828317,41.564367
"663",-76.596545,39.408765
"664",-85.692024,42.919082
"665",-85.8165654,41.2263523
"666",-78.9612666,35.0588502
"667",-117.9575835,33.8670164
"668",-95.472396,30.2059552
"669",-77.0202806,38.8864497
"670",-122.2618794,37.87554
"671",-112.1287861,33.5101648
"672",-93.604367,41.620823
"673",-0.643582,52.912524
"674",-75.1339,40.067243
"675",-84.6385003,42.7543252
"676",-80.0915192,42.0793509
"677",-73.2442058,43.5167448
"678",-79.8002632,36.0710001
"679",-89.4087017,38.8928199
"680",-92.7201302,41.7490571
"681",-79.8887399,36.0917988
"682",-122.307926,37.547368
"683",-93.9687771,44.3221619
"684",-84.1218511,33.9015021
"685",-75.237334,40.196788
"686",-98.5685427,29.5383757
"687",-75.4061351,43.0520616
"688",-93.164807,44.965946
"689",-78.4610298,37.2403758
"690",-72.5322956,42.325559
"691",-76.3343603,37.0228392
"692",-91.3906931,39.7273645
"693",-85.4623681,38.7192502
"694",-75.3120465,40.0209749
"695",-99.7349328,32.4776324
"696",-91.7261195,35.248876
"697",-87.6344803,41.8821863
"698",-76.8803276,40.2619506
"699",-86.1476289,39.7671779
"700",-72.7077092,41.7698571
"701",-75.0728868,42.4573534
"702",-71.1166601,42.3770029
"703",-117.7104699,34.1060817
"704",-98.3732874,40.5904193
"705",-75.305318,40.0066524
"706",-157.8476115,21.295086
"707",-157.8596042,21.3104378
"708",-92.8049482,45.3750817
"709",-87.760724,42.0108542
"710",35.2234326,31.7760667
"711",-83.1664075,41.1143037
"712",-73.9433766,40.8025896
"713",-71.1262841,42.3169836
"714",-92.4420118,35.1000469
"715",-78.6131877,35.2679128
"716",-87.6629836,34.8561377
"717",-105.061729,39.782498
"718",-120.3947462,46.373833
"719",-89.2917184,43.1440979
"720",-97.4328058,38.1334128
"721",-79.9950397,35.9732327
"722",-78.8214343,42.7536002
"723",-97.4909672,35.3007293
"724",-81.1439525,41.3107322
"725",-84.3653372,35.5585222
"726",-76.9844868,42.8591531
"727",-80.1317769,27.0662848
"728",-81.7399007,26.2764603
"729",-73.5985336,40.7165676
"730",-74.144261,40.810769
"731",-79.9430537,37.3547884
"732",-72.6483784,41.6080992
"733",-71.8052464,42.2378888
"734",-74.9882139,40.0610159
"735",-122.186495,37.80249
"736",-77.4202024,39.4213829
"737",-80.4801011,35.6444311
"738",-86.1023574,42.7871797
"739",-117.8856392,33.8764346
"740",-106.5515583,39.618733
"741",-78.1567718,42.4266996
"742",-95.5153322,29.6952888
"743",-95.4486797,29.6735832
"744",-98.986007,31.716101
"745",-77.0194377,38.9226843
"746",-66.025471,18.236301
"747",-71.0706403,42.3699207
"748",-65.8268272,18.1482808
"749",-121.316155,38.010932
"750",-86.2863163,32.3504918
"751",-82.44331,38.419781
"752",-85.4998244,40.8990177
"753",-86.594623,34.750345
"754",-75.1485049,39.9498567
"755",-68.7914302,44.8272366
"756",-97.7223212,30.2645512
"757",-104.814215,38.930998
"758",-73.9528508,40.7895827
"759",-118.22494,33.9774746
"760",-67.144869,18.202434
"761",-77.211133,38.833553
"762",-104.96059,39.675741
"763",-90.24675,39.730211
"764",-87.623289,41.834753
"765",-87.6270059,41.8348731
"766",-88.9903843,40.4910835
"767",-75.5715699,40.0280292
"768",-85.1164143,41.0791572
"769",-85.6622125,40.5168448
"770",-118.1496258,33.8898383
"771",-87.6248853,41.886099
"772",NA,NA
"773",-77.0515719,38.855833
"774",-155.0759721,19.7102325
"775",-73.983035,40.6924637
"776",-93.2719622,44.9820793
"777",-105.1394908,39.9872387
"778",-81.3335613,28.6544162
"779",-77.03606,38.910504
"780",-66.191146,18.406247
"781",-104.7870641,38.8322298
"782",-104.814215,38.930998
"783",-84.3031644,33.8878953
"784",-117.9086449,33.8099027
"785",-84.4101673,33.753435
"786",-117.419772,47.6547357
"787",-117.866392,33.641187
"788",-111.879583,33.273731
"789",NA,NA
"790",-84.1374155,39.7649754
"791",-117.1447491,32.822568
"792",-73.7861826,40.9273194
"793",-91.5531474,40.9727829
"794",-73.4167851,40.6756097
"795",-76.498564,42.421658
"796",-91.0308182,30.3699554
"797",-86.1590592,39.9760881
"798",-95.281301,31.9658653
"799",-81.6072444,30.3525305
"800",-79.2497544,42.0955469
"801",-95.1798281,32.5891875
"802",-79.939541,37.266093
"803",-92.018916,34.189521
"804",-74.057917,40.862051
"805",-75.1676847,39.9351855
"806",-86.7949105,36.1566659
"807",-94.5585742,36.1914449
"808",-81.5293126,41.4905062
"809",-122.0546361,37.9567523
"810",-87.6284494,41.8777724
"811",-117.0823893,33.1208188
"812",-76.6205177,39.3299013
"813",-94.8520636,38.845412
"814",-80.8576346,35.2445186
"815",NA,NA
"816",-83.7502085,35.9371711
"817",-81.6102291,30.3279923
"818",-82.362062,34.876487
"819",-80.2817404,26.0096214
"820",-87.3149694,32.6298869
"821",-88.291279,42.061746
"822",-73.9828286,40.7737587
"823",-81.785136,36.263095
"824",-78.0166197,40.499442
"825",-85.598145,42.290035
"826",-94.6663949,38.9955981
"827",-94.5834014,39.046666
"828",-94.5612386,39.1070723
"829",-97.6093619,38.8134816
"830",-90.5506759,41.5550123
"831",-96.8416832,32.8085948
"832",-117.7235738,34.0929344
"833",NA,NA
"834",-87.6490234,41.8988964
"835",-82.946523,38.339171
"836",-83.4385424,37.6033855
"837",-87.1201839,37.7435478
"838",-82.3983079,40.3718965
"839",-84.1924967,39.6950114
"840",-83.712981,43.0114011
"841",-77.0905414,42.6151505
"842",-80.140038,26.052908
"843",-75.777405,41.559007
"844",-76.830377,40.3366164
"845",-96.7229776,43.5515671
"846",-82.156221,36.585686
"847",-80.8222077,35.2134969
"848",-74.01234,40.7066799
"849",-75.8792853,41.2499673
"850",-73.959494,40.6528762
"851",-87.7143929,42.0338591
"852",-90.3724051,40.94181
"853",-85.5920919,43.0224079
"854",-80.0140875,40.5683018
"855",-75.1566429,40.0386083
"856",-117.4990633,33.9110835
"857",-71.0582755,42.2607677
"858",-75.6589023,41.4115723
"859",-75.2087298,40.6986202
"860",-85.0433441,33.0384447
"861",-117.7723367,33.5616845
"862",-81.2518076,41.7177632
"863",-80.1059424,42.0807989
"864",-87.828913,42.249058
"865",-88.0461002,42.0437469
"866",NA,NA
"867",-87.644316,40.1385944
"868",-76.288094,40.073488
"869",-76.3177306,40.0457219
"870",-70.5034209,43.3805675
"871",-72.5118469,42.9767642
"872",NA,NA
"873",-75.2847428,40.2238819
"874",-71.2446266,42.3432053
"875",-111.900328,40.771163
"876",-79.7250534,39.9024542
"877",-84.1857115,37.0693489
"878",-71.1111054,42.4262974
"879",-83.2497967,42.4755011
"880",-88.3974551,44.260288
"881",-76.0855042,43.0497018
"882",-76.514699,40.331103
"883",-81.8753745,36.1617964
"884",-75.3782832,40.6069087
"885",-90.0344386,35.1180562
"886",-81.3262158,35.7414291
"887",-71.1171337,42.3800462
"888",-94.7303026,32.4669682
"889",-122.4554639,46.6195461
"890",-88.0799314,41.6040218
"891",-84.5263352,37.9963275
"892",-79.1773107,37.3534764
"893",-122.1181507,37.637597
"894",-117.8289949,34.0993665
"895",-84.5167457,33.9314817
"896",-73.975049,40.759829
"897",-81.6497898,35.0556544
"898",-89.3435986,40.1465785
"899",-89.3611111,40.1567541
"900",-83.6601104,36.577238
"901",-122.269669,37.804726
"902",-90.5037168,38.7875189
"903",-85.3015101,37.1027852
"904",-123.199224,45.200606
"905",-86.7985315,36.1052591
"906",-78.556091,35.942671
"907",-80.484675,35.671441
"908",-111.8338359,41.7369803
"909",-117.262463,34.0527835
"910",-73.8294297,40.7603694
"911",-73.5887219,40.8154837
"912",-90.681399,42.502738
"913",-118.3285297,34.0983007
"914",-92.4266601,31.3252793
"915",-91.0661363,30.4102647
"916",-85.68522,38.238149
"917",-83.707293,41.709757
"918",-118.4225857,33.9667385
"919",-87.6581921,41.998997
"920",-76.6213734,39.3462005
"921",-90.121721,29.93414
"922",-101.9362333,33.5723433
"923",NA,NA
"924",-84.1231051,33.6979186
"925",-93.1967735,44.9858877
"926",-87.5988913,41.7956199
"927",-77.244826,39.8311538
"928",-75.1906518,40.0622402
"929",-77.000181,41.246018
"930",-79.183153,37.4006
"931",-79.171154,37.417055
"932",-80.1252866,26.3840079
"933",-91.6262059,35.7782924
"934",-93.1687294,44.9397631
"935",-87.626741,41.881846
"936",-73.9884165,40.6279066
"937",-90.223117,39.731828
"938",-83.403497,42.3842841
"939",-91.9672906,41.0178238
"940",-70.260822,43.655638
"941",-81.3806233,40.8272374
"942",-80.2669747,25.8106764
"943",-2.2426305,53.4807593
"944",-73.9838067,40.7644058
"945",-96.5791841,39.1858232
"946",-73.9010623,40.8899623
"947",-73.9614844,40.8124329
"948",-73.7159001,41.0319357
"949",-75.1042635,40.0871159
"950",-83.408288,42.3311151
"951",-76.9424903,38.8643121
"952",-88.7379728,43.1950165
"953",-73.8062487,42.6575389
"954",-86.203026,39.8168739
"955",-88.421463,43.777902
"956",-81.4491067,39.4145456
"957",-73.9341204,41.7224565
"958",-72.7347545,42.8390545
"959",-87.9298002,43.0384666
"960",-82.5508356,35.8268425
"961",-117.886388,33.889793
"962",-94.4720672,44.3045605
"963",-87.0363892,35.2002352
"964",18.9190235,49.0616613
"965",-79.0694391,38.1543057
"966",-76.6216339,39.307555
"967",-122.6472524,45.3985866
"968",-118.3335883,33.734915
"969",-73.9597198,40.7687419
"970",-77.1277618,38.905351
"971",-83.9641634,35.7514166
"972",-90.5017161,38.6445392
"973",-75.6343437,41.4329979
"974",-71.09416,42.360091
"975",-71.1993855,42.6819767
"976",-78.3196881,44.3206543
"977",-116.4585259,33.7908117
"978",-92.4668678,44.022738
"979",-87.5988895,41.7963312
"980",-77.0036763,39.5829886
"981",-89.8147926,38.608913
"982",-99.7506277,32.4291005
"983",-93.0972724,44.9499965
"984",-97.6420269,38.3721279
"985",-71.1011685,42.3367366
"986",-87.624792,41.8740166
"987",-77.029795,38.9955702
"988",-78.8559545,42.928608
"989",-88.020103,43.043967
"990",-84.4791897,33.9285239
"991",-86.8058477,36.166818
"992",-89.9938068,35.1458712
"993",-89.9823649,35.133237
"994",-122.1920741,37.4560638
"995",-83.6496381,32.8287784
"996",-73.8745391,41.0221144
"997",-93.626271,41.594291
"998",-83.5519875,41.6586459
"999",-80.0536593,42.1050703
"1000",-78.6883833,35.7981239
"1001",-71.1225705,42.6677049
"1002",-74.022446,40.17747
"1003",-73.9446252,40.6690502
"1004",-73.991318,40.7137811
"1005",-73.969357,40.6382222
"1006",-97.1004294,32.8311653
"1007",-76.988194,40.157957
"1008",-83.059269,40.253451
"1009",-78.8726748,35.1334615
"1010",-89.5732328,37.3334305
"1011",-75.1644155,39.9502781
"1012",-74.0149514,40.7087232
"1013",-83.2393282,42.4591785
"1014",-84.4735426,42.7257153
"1015",-97.578348,35.3477533
"1016",-76.2171,36.3046
"1017",-89.911568,35.0642235
"1018",-94.7823676,38.8760668
"1019",-86.683691,36.253248
"1020",-73.1773152,44.0082595
"1021",-96.489834,41.4374005
"1022",-89.5988199,40.7618796
"1023",-84.6772838,38.1445736
"1024",-87.681564,42.047294
"1025",-90.465633,38.769954
"1026",-94.5740869,39.1854952
"1027",-87.9997562,41.8305302
"1028",-111.8571558,40.7108619
"1029",-86.9090296,33.4807237
"1030",-80.352675,25.808175
"1031",-79.226145,37.375808
"1032",-82.2904086,36.3011698
"1033",-88.9742951,39.8424639
"1034",-122.1878385,37.7826845
"1035",-90.1782623,32.322401
"1036",-88.0485687,43.0742869
"1037",-87.9079231,43.0309118
"1038",-87.9090839,43.0440459
"1039",-93.2746532,44.956828
"1040",-93.2979628,44.8648643
"1041",-73.9660197,40.6050608
"1042",-75.9733062,41.3443718
"1043",-83.359745,42.491475
"1044",-90.3304648,32.334545
"1045",-90.4621668,38.644288
"1046",-93.1914066,39.1083323
"1047",-72.0941574,41.3281179
"1048",-66.0851227,18.3574773
"1049",-73.6263933,40.6859799
"1050",-90.6386297,40.9135265
"1051",-74.0051928,40.2807168
"1052",-73.900215,40.864453
"1053",-82.297296,35.646076
"1054",-70.8760643,42.5501402
"1055",-87.6340437,41.8987661
"1056",-75.1720053,39.9571923
"1057",-90.0202592,35.1449244
"1058",-75.3812135,40.6308814
"1059",-84.4138651,33.7459553
"1060",-84.411958,33.742784
"1061",-96.3585355,42.4733866
"1062",-80.347003,33.938031
"1063",-89.9658885,41.7970172
"1064",-88.9265049,37.8968145
"1065",-78.603312,40.4595885
"1066",-122.7767224,45.0574197
"1067",-83.02119,39.9563143
"1068",-72.5761394,42.2532535
"1069",-97.410359,42.874457
"1070",-88.0301946,43.0717772
"1071",-91.6510391,42.0021111
"1072",-78.0711372,35.2082274
"1073",-74.0124836,41.5130521
"1074",-118.4823817,34.085238
"1075",-77.3490013,39.6807058
"1076",-82.47349,40.3731566
"1077",-81.5488081,39.2737961
"1078",-117.9874153,34.1426826
"1079",-121.3424893,38.6613956
"1080",-117.1642942,32.7654778
"1081",-75.5100675,40.597446
"1082",-122.5752727,45.527607
"1083",-118.3376997,34.101311
"1084",-81.7377314,39.9970379
"1085",-96.6232725,40.7723147
"1086",-105.2673905,40.0141679
"1087",-103.250049,44.031279
"1088",-118.446213,34.2224549
"1089",-122.676561,45.501676
"1090",-71.0300996,42.2987482
"1091",-121.8161362,37.3590308
"1092",-81.5564456,40.9996519
"1093",NA,NA
"1094",-117.1272507,32.8294811
"1095",-88.012996,41.86082
"1096",-87.624695,41.8800946
"1097",-104.7513647,38.8158124
"1098",-94.565764,39.009203
"1099",-77.520027,43.1030175
"1100",-96.094447,41.121744
"1101",-96.04837,41.265533
"1102",-96.6472005,40.8385341
"1103",-76.7534802,39.387994
"1104",-75.440795,39.8753166
"1105",-111.890657,40.766116
"1106",-74.4493772,40.501368
"1107",-80.4971666,41.0853135
"1108",-71.8226523,43.177062
"1109",-71.086845,42.35188
"1110",-71.0864353,42.3408699
"1111",-72.575089,44.2612
"1112",-71.4449609,41.7153093
"1113",-71.066232,42.350988
"1114",-71.194381,42.3640827
"1115",-123.1524596,44.0329337
"1116",-80.802507,35.242862
"1117",89.5010698,22.8724969
"1118",-74.0061087,40.7184175
"1119",-74.0082771,40.7130634
"1120",-76.756101,42.9114024
"1121",-73.9853722,40.7453103
"1122",-73.9403658,40.8049519
"1123",-73.6390431,40.7396585
"1124",-73.993367,40.740158
"1125",-118.3353883,34.1519436
"1126",-73.605301,40.8114197
"1127",-74.006988,40.717982
"1128",-73.8097434,41.0852969
"1129",-73.9623988,40.7686795
"1130",-73.9640734,40.8110057
"1131",-73.9964609,40.7295134
"1132",-81.6219227,34.2861075
"1133",-71.1428026,42.3312841
"1134",-97.378766,37.672247
"1135",-79.0353197,43.1365152
"1136",-71.9295592,42.0465278
"1137",NA,NA
"1138",-95.588291,29.646284
"1139",-77.7742185,36.0186234
"1140",-88.1427779,41.7757375
"1141",-87.425147,36.614809
"1142",-93.2609285,44.9688064
"1143",-82.3718823,35.0673296
"1144",-87.7106078,41.9747121
"1145",-111.8928437,33.6411562
"1146",-77.797383,43.126134
"1147",-71.0891717,42.3398067
"1148",-87.999848,41.8397294
"1149",-90.8736669,46.5802698
"1150",-115.2556293,36.2038092
"1151",-123.0797508,44.0474169
"1152",-122.6041958,47.7109543
"1153",-122.460159,48.007116
"1154",-116.5668828,43.5630615
"1155",-122.7524812,48.0338874
"1156",-122.194796,47.658416
"1157",-87.7608389,41.9681848
"1158",-96.0582598,42.9979484
"1159",-93.3113225,44.8507322
"1160",-87.675267,42.0564594
"1161",-84.2753654,43.6295958
"1162",-72.6589372,44.1384348
"1163",-86.7385545,36.2432411
"1164",-81.5154967,41.5068501
"1165",-122.2844549,37.5170485
"1166",-76.6212684,39.3514341
"1167",-90.115606,29.958784
"1168",-80.2462665,26.078936
"1169",-86.868342,35.920129
"1170",-94.9018774,47.4241899
"1171",-87.3519119,38.3401193
"1172",-86.6536396,34.7560955
"1173",-82.2236001,41.293483
"1174",-98.503052,29.505955
"1175",-118.213238,34.127159
"1176",-84.3346954,33.8761957
"1177",-82.0734152,41.4238127
"1178",-82.9046233,39.6120323
"1179",-81.5564456,40.9996519
"1180",-82.9407447,39.9931411
"1181",-83.8326977,40.7661355
"1182",-81.6570133,41.5182678
"1183",-80.571967,40.6793489
"1184",-81.5377271,39.3124569
"1185",-83.0680271,40.2967331
"1186",-73.8896389,41.269574
"1187",-96.932456,35.360452
"1188",-97.4686067,35.6108664
"1189",-97.5419736,35.4948254
"1190",-95.9542064,36.7177528
"1191",-84.9248939,42.4431108
"1192",-87.874161,41.155133
"1193",-95.955471,36.048042
"1194",-122.761921,45.511261
"1195",-122.6710932,45.5239642
"1196",-75.0114324,40.0903683
"1197",-118.4174056,33.9563229
"1198",-95.2637339,38.6029423
"1199",-82.9371852,40.1268746
"1200",-93.0526348,34.1250867
"1201",-89.994952,29.9120747
"1202",-91.110535,30.4001399
"1203",-98.542512,29.4256219
"1204",-85.0536022,35.4679156
"1205",-94.5102892,37.1040654
"1206",-74.0048567,40.7111197
"1207",-117.873205,33.680036
"1208",-117.160354,32.778363
"1209",144.8357195,13.4650505
"1210",-122.4440667,47.1453532
"1211",-122.6781517,45.5269699
"1212",-120.4558567,46.60281
"1213",-118.1514863,34.1530544
"1214",-122.2629744,37.8767189
"1215",-118.2983531,34.0613217
"1216",-123.1098774,45.5241848
"1217",-122.4394834,38.5698777
"1218",-119.5805115,34.4214007
"1219",-72.9348621,41.3475259
"1220",-81.9932536,33.4695551
"1221",-80.0505476,26.7048569
"1222",-90.574644,41.529679
"1223",-122.1874271,37.382454
"1224",NA,NA
"1225",-94.681092,39.1894618
"1226",-96.8932883,32.8795697
"1227",-96.7558857,32.6789702
"1228",-74.2530505,44.4374506
"1229",-83.8847513,39.7152917
"1230",NA,NA
"1231",-80.238532,40.182354
"1232",-74.8709359,40.0979463
"1233",-75.1631435,39.9556084
"1234",-76.3085333,40.0412591
"1235",-76.246976,40.060351
"1236",-75.3890798,39.9082838
"1237",-84.868455,35.162586
"1238",-118.7095814,34.0414045
"1239",-80.2833385,35.4843209
"1240",-76.9984401,38.9318346
"1241",-75.2165431,40.0051169
"1242",-75.1923958,40.0203182
"1243",-92.2829693,34.7371492
"1244",-73.990918,40.745
"1245",-118.567626,34.242026
"1246",-95.868199,36.167965
"1247",-112.0686424,33.5235151
"1248",-111.9908016,33.4806996
"1249",-80.2501271,36.0879488
"1250",-83.5419975,34.5665363
"1251",-74.5540177,40.5407915
"1252",-110.921304,32.250225
"1253",-71.157477,42.3199094
"1254",-94.5297328,38.9382655
"1255",-118.15061,34.0815586
"1256",-122.7683098,45.3210827
"1257",-79.926633,40.35086
"1258",-79.9303328,40.4591288
"1259",-80.188597,40.423804
"1260",-79.9210192,40.4673533
"1261",-117.7047193,34.1046624
"1262",-104.854608,39.661048
"1263",-118.15005,34.081829
"1264",-117.063475,32.763744
"1265",-95.9039853,36.109311
"1266",-73.8312597,40.7148207
"1267",-117.2509537,32.7168721
"1268",-80.0014283,40.4382916
"1269",-85.1847494,32.8791226
"1270",-66.0560599,18.4222446
"1271",-117.7119921,34.0987395
"1272",-66.6203675,17.9932242
"1273",-83.0185385,40.1200757
"1274",12.503408,41.8853524
"1275",-73.081523,41.535424
"1276",-73.962537,40.6912807
"1277",-81.877559,34.465182
"1278",NA,NA
"1279",-98.4909356,45.4831267
"1280",-86.1623989,32.383102
"1281",-74.664025,40.344982
"1282",-74.6514481,40.3439888
"1283",-117.1636669,33.5288993
"1284",-80.2506538,25.7792625
"1285",-83.6726179,41.5839895
"1286",-118.1187737,34.172453
"1287",-71.4381653,41.8440925
"1288",-111.6844246,40.2452687
"1289",-80.832967,35.1888373
"1290",-98.563038,29.507528
"1291",-91.3858931,39.9388861
"1292",-72.8934534,41.4189562
"1293",-74.3979701,40.5009857
"1294",-73.9638444,40.6187519
"1295",-74.072645,41.1142309
"1296",-73.9862007,40.6324927
"1297",-74.4987192,40.8054576
"1298",-74.4987192,40.8054576
"1299",-81.483506,41.5934978
"1300",-73.9569154,40.7043709
"1301",-73.8965119,40.629764
"1302",-73.8170636,40.7230084
"1303",-79.172197,37.436964
"1304",-77.4783518,37.7603794
"1305",-90.2485332,38.6531744
"1306",-94.2067469,45.5481849
"1307",-75.1493397,40.0876497
"1308",-122.6303724,45.4809782
"1309",-79.8977145,40.4474069
"1310",-76.193004,36.8020933
"1311",NA,NA
"1312",-105.0298065,39.7893676
"1313",-84.55241,34.3188796
"1314",-73.993383,40.740456
"1315",-96.653972,32.8606745
"1316",-94.5569221,39.0066129
"1317",-75.2074417,39.9551353
"1318",-87.6853019,41.9072566
"1319",-71.4074596,41.8259947
"1320",-89.9892872,35.1550839
"1321",-95.4018312,29.7173941
"1322",-85.274955,35.036346
"1323",-74.738187,40.279623
"1324",-82.547666,27.3602556
"1325",-88.8409595,43.8432217
"1326",-76.4561964,37.0349684
"1327",-71.4546207,42.7380614
"1328",-80.0556669,37.2974291
"1329",-85.17716,42.3348958
"1330",-80.2119215,40.5215511
"1331",-87.6271939,41.8763084
"1332",-77.798531,43.12574
"1333",-83.1449135,42.6675213
"1334",-77.6705143,43.0861017
"1335",-89.0184645,42.2696337
"1336",-94.5727686,39.0310992
"1337",-108.5581514,45.7965967
"1338",-105.0699551,39.7433344
"1339",-111.6560271,40.2118564
"1340",-104.815115,39.563387
"1341",-71.2594597,41.6510618
"1342",-81.348326,28.592242
"1343",-87.625164,41.8762967
"1344",-87.8596187,42.3005159
"1345",-87.3234824,39.4830622
"1346",-83.458348,40.07726
"1347",-80.1045101,40.4520695
"1348",-75.3289496,40.0340798
"1349",-121.2888773,38.635983
"1350",-87.6695315,41.8736016
"1351",-73.6929842,42.72805
"1352",-89.4476005,34.7764601
"1353",-80.2613078,25.7715276
"1354",-83.1104511,42.3747606
"1355",-88.0435001,42.9106236
"1356",-73.2429089,41.2222759
"1357",-73.7825767,42.6514661
"1358",-71.5072307,42.9874723
"1359",-89.0073268,42.2697116
"1360",-77.526367,43.1020484
"1361",-75.2564549,39.9916953
"1362",-89.5901983,40.7012608
"1363",-78.6390151,40.5066694
"1364",-96.9542552,35.3676045
"1365",-71.162576,42.3439575
"1366",-94.3922299,45.5800433
"1367",-90.1134631,30.5267764
"1368",-87.155951,40.919613
"1369",-73.9677729,40.690509
"1370",-70.4828684,43.8267427
"1371",-75.2416405,39.9946832
"1372",-82.2578413,28.3382082
"1373",-90.2946942,38.7755442
"1374",-90.2619415,38.631562
"1375",-90.2338232,38.6354598
"1376",-94.5945983,39.0517215
"1377",-122.8152112,47.0406382
"1378",-86.256745,41.707304
"1379",-122.1101353,37.8413472
"1380",-91.6957884,44.0458786
"1381",-87.463832,39.505481
"1382",-86.810615,38.1659999
"1383",-73.1627561,44.4951628
"1384",-88.0663767,44.44485
"1385",-94.635737,38.931914
"1386",-74.0715029,40.7272231
"1387",-79.4003653,40.2914205
"1388",-73.8246986,40.9696337
"1389",-87.7150253,41.7093667
"1390",-80.2397989,36.0872891
"1391",-80.571055,39.288908
"1392",-75.1290737,40.0861062
"1393",-71.2992732,41.4723849
"1394",-73.672494,42.733543
"1395",-86.794942,33.4640198
"1396",-122.266333,37.820291
"1397",-116.9777368,32.8429721
"1398",-122.417167,37.803376
"1399",-122.4203844,37.7755592
"1400",-122.5649805,37.969617
"1401",-119.6976972,36.8246434
"1402",-119.3850689,36.3277836
"1403",-66.0511029,18.2197619
"1404",-79.8113326,40.425806
"1405",-119.2097004,34.2432025
"1406",-121.9389875,37.3496418
"1407",-105.9775895,35.6569559
"1408",-73.8433974,40.9360524
"1409",-81.0939362,32.0729733
"1410",-122.2722584,37.8045264
"1411",-82.75747,27.893924
"1412",-84.1341568,39.6812744
"1413",-95.475842,29.805249
"1414",-93.3340063,37.1671206
"1415",-87.6249193,41.8802861
"1416",-71.0965537,42.3385227
"1417",-73.982227,40.738754
"1418",-99.130819,30.031826
"1419",-117.7102128,34.1039348
"1420",-122.3232953,47.678146
"1421",-122.3615366,47.6495805
"1422",-122.350958,47.613461
"1423",-122.3177135,47.6092282
"1424",-87.0348999,32.4204999
"1425",-76.242808,36.776837
"1426",-111.9409784,33.4271281
"1427",-74.2471001,40.743011
"1428",-79.5579127,40.3090134
"1429",-85.9176606,35.20518
"1430",-73.7401548,40.6051718
"1431",-122.3142728,40.5657856
"1432",-78.6377146,35.771187
"1433",-78.1583388,39.1660159
"1434",-78.74416,35.7454326
"1435",-81.9859468,35.0146754
"1436",-85.1965445,34.2575579
"1437",-85.1965445,34.2575579
"1438",-73.7521951,42.718452
"1439",-84.0157096,41.9059214
"1440",-119.937574,39.244983
"1441",-87.7442676,44.0710708
"1442",-71.1006594,42.3390666
"1443",-85.7648298,38.2394955
"1444",-93.563626,41.364988
"1445",-122.331991,40.614033
"1446",-96.7358634,43.5254424
"1447",-72.5659205,42.8860292
"1448",-73.7841811,43.0972759
"1449",-72.6372341,42.3180957
"1450",-122.108785,37.430285
"1451",-117.7324641,33.5577455
"1452",-87.9066669,42.140416
"1453",-73.9722921,40.7568561
"1454",-117.9587593,33.8482669
"1455",-117.8740015,33.7883055
"1456",-82.5190149,35.5537399
"1457",-84.1399495,35.9064859
"1458",-80.0925522,26.3035563
"1459",-77.8555784,40.7750081
"1460",-95.365083,29.7529299
"1461",-89.5458492,37.302383
"1462",-89.1494751,31.7484043
"1463",-78.5142317,35.9808468
"1464",-86.7493457,33.3786684
"1465",-80.149898,26.713497
"1466",-81.917928,28.029681
"1467",-85.0522711,35.0482635
"1468",-118.2328416,34.0443146
"1469",-117.9506562,33.8381321
"1470",-116.9053942,32.7997115
"1471",-117.982092,33.924395
"1472",-118.3000389,34.0613055
"1473",-90.0203955,35.1386424
"1474",-96.7845175,32.8412178
"1475",-97.6299563,35.5122757
"1476",-71.4531836,43.0407729
"1477",-81.3997742,28.4485249
"1478",-73.2185286,42.8677544
"1479",-79.3504245,37.7401892
"1480",-82.7623707,34.72798
"1481",-77.4002982,37.2672864
"1482",-105.949999,35.661874
"1483",-93.4061945,37.6011126
"1484",-111.89476,33.408393
"1485",-81.8872939,26.5513307
"1486",-111.922231,33.415162
"1487",-106.412974,31.788283
"1488",-110.9270913,32.2528178
"1489",-97.3264832,32.3962581
"1490",-96.8534963,32.4043575
"1491",-96.2857321,32.7353423
"1492",-97.6392096,35.5135916
"1493",-96.9782921,37.2494548
"1494",-106.0528487,35.6362241
"1495",-118.288488,34.0614
"1496",-97.6634638,30.6373253
"1497",-85.757292,38.2413466
"1498",-95.879233,36.17648
"1499",-81.9712334,34.9557173
"1500",-84.4114395,33.7451812
"1501",-85.8195427,38.1764332
"1502",-87.624698,41.874039
"1503",-84.5549522,42.2064519
"1504",-88.1395942,30.6965686
"1505",-72.5565631,42.1022292
"1506",-90.5807611,41.5404254
"1507",-87.5354311,41.6949664
"1508",-78.6201059,35.7856217
"1509",-78.4828822,42.0784113
"1510",-93.182822,44.925308
"1511",-97.7538582,30.2297224
"1512",-75.266636,43.081264
"1513",-73.9922772,40.6933174
"1514",-77.511511,43.115372
"1515",-80.3387378,25.7430424
"1516",-105.9129174,35.6666515
"1517",-76.491536,38.981963
"1518",-76.491536,38.981963
"1519",-73.7946899,40.7215967
"1520",-71.4783895,42.7501167
"1521",-76.148438,43.0552801
"1522",-75.1608814,44.5892119
"1523",-90.2608742,38.6366082
"1524",-76.3637285,38.1060259
"1525",-93.1828167,44.4617681
"1526",-73.936432,41.042084
"1527",-64.9534009,18.335361
"1528",-80.125382,26.51699
"1529",-73.2016477,41.201956
"1530",-117.857653,33.6788293
"1531",-77.2101002,38.9081919
"1532",-122.169719,37.4274745
"1533",-122.2618588,37.8770151
"1534",-83.6829246,41.5827046
"1535",-92.3214357,38.9515728
"1536",-98.2071638,38.2202739
"1537",-72.3820281,44.6520033
"1538",-81.3015046,29.035664
"1539",-90.2010983,38.6329725
"1540",-74.0254858,40.7450787
"1541",-76.7012976,39.4216638
"1542",-87.5859218,33.1982647
"1543",-71.0806276,42.0590153
"1544",-77.2144096,38.9073558
"1545",-77.0339963,38.9048637
"1546",-71.0618449,42.3588616
"1547",-122.1780614,37.7338242
"1548",-122.747419,45.410453
"1549",-76.8747056,40.7970221
"1550",-75.3556483,39.9068405
"1551",-73.9932875,40.7456979
"1552",-79.0828644,37.5576478
"1553",-76.1351158,43.0391534
"1554",-97.2015185,38.3482417
"1555",-117.9141837,33.6975491
"1556",-76.888268,39.165938
"1557",-86.1135613,33.4327519
"1558",-80.1361908,25.8123433
"1559",-74.2501954,40.2174168
"1560",-77.5756671,43.1472497
"1561",-73.9953423,40.6344757
"1562",-73.9457818,40.6700908
"1563",-75.2479634,39.9892457
"1564",-87.6361052,41.8796231
"1565",-82.0627492,29.0402789
"1566",-85.4976242,40.4568032
"1567",-73.960553,40.8103207
"1568",-73.9957249,40.7505616
"1569",-87.7174,41.975386
"1570",-84.495678,39.137361
"1571",-75.1553506,39.9811932
"1572",-85.2776663,35.0330345
"1573",-84.594427,35.445317
"1574",-95.1497461,29.6640368
"1575",-97.362795,32.70953
"1576",-95.312516,32.374895
"1577",-91.9644839,37.3002827
"1578",-97.785194,30.233133
"1579",-97.9849039,29.5735523
"1580",-97.2794483,32.7332102
"1581",-76.781891,18.002847
"1582",-80.3839179,41.4119742
"1583",-119.0887955,34.4293241
"1584",-69.6635795,44.5248638
"1585",-117.1543204,32.710317
"1586",-75.155896,39.948555
"1587",-84.554466,42.730934
"1588",-84.5680762,39.0216667
"1589",-83.9664593,30.8159882
"1590",-83.1845635,41.1184446
"1591",-83.3562681,34.5943591
"1592",-73.9717967,40.6348389
"1593",-90.1607274,32.4048131
"1594",-73.9906533,40.7422475
"1595",-84.4936217,38.0521497
"1596",-86.7532988,36.1425139
"1597",-82.5795888,38.4261062
"1598",-74.002035,40.739869
"1599",-80.012312,40.4621009
"1600",-87.6316716,41.8828273
"1601",-118.0321,33.8056569
"1602",-85.0078726,41.6323886
"1603",-81.7964312,30.3070492
"1604",-98.5182677,46.0005465
"1605",-87.7841447,41.6686186
"1606",-72.6905036,41.7470941
"1607",-82.6783121,28.1947855
"1608",-66.620865,17.981459
"1609",-80.2298476,40.5936775
"1610",-87.88075,42.1982366
"1611",-122.2075701,47.9803903
"1612",-82.940406,39.956559
"1613",-98.4831622,29.4618444
"1614",-77.0024664,38.9275319
"1615",-78.8125247,42.8468361
"1616",-83.7483104,34.5960323
"1617",-80.7818332,41.2115662
"1618",-71.1190232,42.4074843
"1619",-90.1207279,29.9403477
"1620",-95.9540828,36.1479802
"1621",-99.7502671,48.8839028
"1622",-82.7607956,36.1723296
"1623",-85.7072853,32.430678
"1624",-111.9759985,33.3777095
"1625",-118.1348613,34.6837863
"1626",-73.1910355,41.1645993
"1627",-81.6165232,38.3328289
"1628",-87.5987133,41.7886079
"1629",-96.9193536,32.8455625
"1630",-84.1816922,39.739795
"1631",-104.9618965,39.6766174
"1632",-83.1379029,42.414062
"1633",-90.694911,42.4957207
"1634",-121.9969014,37.3864699
"1635",-87.5316879,37.9715703
"1636",-83.6547373,41.054643
"1637",-80.2045537,26.1462363
"1638",-111.270432,47.4901619
"1639",-72.7138051,41.7986012
"1640",-86.1347693,39.7096506
"1641",-98.697826,46.9142579
"1642",-117.77177,34.1004522
"1643",-77.0719611,38.8974329
"1644",-100.7518172,46.723848
"1645",-97.4666818,31.0701756
"1646",-80.2771253,25.7191685
"1647",-88.12888,30.793249
"1648",-81.1097204,40.9046928
"1649",-70.3865402,43.4582904
"1650",-72.9616437,41.2907035
"1651",-93.1687077,45.0354771
"1652",-84.1478831,40.7590451
"1653",-86.2353388,41.7055716
"1654",-75.1932137,39.9522188
"1655",-111.9660244,33.4020704
"1656",-82.5207368,37.4791596
"1657",-122.7275712,45.5732046
"1658",-122.4814553,47.2617642
"1659",-117.1632426,34.0630404
"1660",-77.5409744,37.5758681
"1661",-77.6260033,43.1305531
"1662",-85.175484,41.08669
"1663",-72.7296199,41.7809657
"1664",-94.9065328,39.2774058
"1665",-88.0002616,42.2806779
"1666",-93.1914909,44.941751
"1667",-117.1882064,32.771917
"1668",-122.450683,37.7766466
"1669",-75.656533,41.4060617
"1670",-96.7390169,43.5321764
"1671",-118.285117,34.0223519
"1672",-96.3738721,33.0423409
"1673",-81.3148665,29.8632532
"1674",-88.0970978,41.5333799
"1675",-95.3931825,29.736724
"1676",-82.4671717,27.9474881
"1677",-75.165566,39.945974
"1678",-84.1622998,36.7363908
"1679",-98.4676217,29.4675939
"1680",-93.4662875,35.4758935
"1681",-121.3120225,37.9808152
"1682",-77.0320985,38.9005604
"1683",-95.3516784,44.786903
"1684",-75.2070979,39.9468299
"1685",-103.1948846,32.7750423
"1686",-118.082892,34.0454752
"1687",-95.946,36.1519879
"1688",-122.523973,45.543336
"1689",-74.1612996,41.3338123
"1690",-82.785513,27.965284
"1691",-111.988814,33.511272
"1692",-73.9245925,42.0026061
"1693",-83.8892814,36.8700703
"1694",-73.9298053,42.817017
"1695",-96.6517495,40.7744685
"1696",-73.9298053,42.817017
"1697",-84.500025,39.126963
"1698",-77.4492905,37.5789301
"1699",-73.9618493,40.8114587
"1700",-88.858757,35.676598
"1701",-87.9114913,30.6393329
"1702",-95.712891,37.09024
"1703",-73.9624351,40.6995568
"1704",-84.2769719,39.8138492
"1705",-93.2259262,45.0582132
"1706",-100.760721,46.768766
"1707",-121.961781,37.509105
"1708",-69.3341406,44.6032057
"1709",-95.961692,41.33919
"1710",-112.2880451,33.4529478
"1711",-67.1556181,18.428168
"1712",-67.1127379,18.2059678
"1713",-66.153295,18.366245
"1714",-65.9840797,18.4146865
"1715",-91.8006554,42.8356476
"1716",-71.0641179,42.3528921
"1717",-90.3647884,38.8013305
"1718",-75.4558588,40.1915099
"1719",-81.4650273,41.4938332
"1720",-75.2284925,43.1016602
"1721",-75.2712226,43.095173
"1722",-118.606758,34.221811
"1723",-75.544926,40.1165372
"1724",-75.3821423,40.0533971
"1725",-87.0438894,41.4639394
"1726",-86.8026551,36.1447034
"1727",-87.6291633,41.8367719
"1728",-117.9016912,33.6618632
"1729",-73.8973432,41.6860472
"1730",-96.1216856,41.2044434
"1731",-73.8819209,40.7680336
"1732",-72.5676241,44.2551934
"1733",-72.5210069,43.8213881
"1734",-78.7973749,42.9127719
"1735",-75.34358,40.037056
"1736",-77.5313695,38.2906194
"1737",-86.8183387,33.4708224
"1738",-81.769657,41.483813
"1739",-79.9425985,37.2575796
"1740",-79.1515722,37.3952218
"1741",-77.4508354,37.5626655
"1742",-76.1867523,36.8711755
"1743",-90.0493031,35.1445531
"1744",-106.3599437,31.7371097
"1745",-106.3599437,31.7371097
"1746",-91.2434935,43.8021099
"1747",-81.1300088,33.3072977
"1748",-86.9066552,40.0378111
"1749",-96.8190665,32.8007516
"1750",-74.090639,40.614688
"1751",-80.2763425,36.1352495
"1752",-118.390983,46.047471
"1753",-83.1471631,42.5738914
"1754",-81.368891,40.87407
"1755",-122.5931188,45.5061519
"1756",-81.599965,27.826324
"1757",-82.442286,35.611133
"1758",-92.4821589,42.7285775
"1759",-90.6912387,42.4852811
"1760",-120.7401386,47.7510741
"1761",-77.0010266,38.9863861
"1762",-79.4449563,37.7904861
"1763",-76.0692131,39.2180135
"1764",-90.3107962,38.6487895
"1765",-86.8059696,36.1946449
"1766",-101.7311176,34.1872383
"1767",-80.18732,39.899094
"1768",-73.6434522,40.8831348
"1769",-81.5314695,27.8377618
"1770",-90.3437667,38.5892883
"1771",-86.549779,36.365217
"1772",-71.3059277,42.2935733
"1773",-76.6961515,42.742988
"1774",-94.6050712,38.9631723
"1775",-71.0954018,42.3360695
"1776",-93.8720852,39.1868282
"1777",-90.1596164,32.354824
"1778",-75.527717,39.163227
"1779",-77.0901266,38.9400759
"1780",-83.7124769,32.8745772
"1781",-72.6569041,41.5566104
"1782",-118.3994153,34.186836
"1783",-118.37647,34.062947
"1784",-88.8480639,35.634897
"1785",-80.7236962,40.0692414
"1786",-81.6339043,38.3478882
"1787",-79.9549764,39.6324653
"1788",-80.2174929,38.9906163
"1789",-111.8698679,40.6848059
"1790",-72.5186855,42.1149784
"1791",-122.6056332,45.5121708
"1792",-91.2460309,43.8153635
"1793",-86.1032901,42.7862714
"1794",-117.7454166,34.057971
"1795",-91.9545484,38.8500034
"1796",-80.332286,41.119859
"1797",-111.854745,40.7319708
"1798",-75.175747,40.099232
"1799",-117.0460626,33.1216775
"1800",-119.6610313,34.4488434
"1801",-104.822857,39.721309
"1802",-88.099622,41.86833
"1803",-71.1842241,41.9660374
"1804",-80.6907928,40.0679444
"1805",-71.106045,42.342212
"1806",-95.9540375,47.3173991
"1807",-118.3306352,46.0705799
"1808",-118.0322842,33.9787932
"1809",-117.417754,47.753685
"1810",-97.3716028,37.6569375
"1811",-75.3557304,39.8640338
"1812",-83.878929,39.710638
"1813",-94.3751871,32.5384868
"1814",-75.888614,41.244314
"1815",-123.0318004,44.9371219
"1816",-89.2919512,31.3045999
"1817",-71.20325,42.2949598
"1818",-121.2922424,38.8204409
"1819",-94.412117,39.2473119
"1820",-93.138172,44.942012
"1821",-78.637452,35.789286
"1822",-92.6476148,41.3089163
"1823",-91.95046,38.8617202
"1824",-90.9390498,36.1245861
"1825",-73.2030214,42.7128038
"1826",-83.8181626,39.4447895
"1827",-75.5863,39.683014
"1828",-77.6493492,39.9491899
"1829",-83.6507058,41.0524722
"1830",-80.4444971,34.9869013
"1831",-88.0226923,43.0367864
"1832",-88.0267092,43.1053666
"1833",-83.8139029,39.9365496
"1834",-81.9344902,34.9580657
"1835",-81.7929875,26.2691471
"1836",-75.154316,40.099285
"1837",-118.3412343,34.2070265
"1838",-71.806339,42.2746373
"1839",-157.7547339,21.296391
"1840",-85.76066,42.911585
"1841",-87.9272638,42.147811
"1842",-97.2474461,37.6823808
"1843",-122.2530919,37.8681446
"1844",-84.4737725,39.1496287
"1845",-90.1069054,29.9648943
"1846",-72.9223431,41.3163244
"1847",-73.960864,40.6239311
"1848",-83.2003565,42.4716248
"1849",-77.0304016,39.0424425
"1850",-74.0659979,41.115753
"1851",-73.9797696,40.6369334
"1852",-73.99248,40.62855
"1853",-74.0685424,41.1248056
"1854",-80.1414197,25.7824025
"1855",-74.268398,40.699141
"1856",NA,NA
"1857",-73.9696129,40.616199
"1858",-73.7436945,40.6004622
"1859",-73.9879366,40.6381228
"1860",-73.9599279,40.7072262
"1861",-73.9110436,40.8967477
"1862",-118.3465859,34.0854371
"1863",-73.834282,40.703792
"1864",-74.0900461,41.1236163
"1865",-105.0434589,39.7418475
"1866",-73.9298662,40.8506597
"1867",-74.2020676,40.0659422
"1868",-74.2131517,40.6826199
"1869",-73.989995,40.6231993
"1870",-75.656096,41.394908
"1871",-74.6199258,41.7305675
"1872",-74.0702001,41.1147432
"1873",-118.442732,33.993304
"1874",-73.7967735,40.7016257
"1875",-76.7292875,39.9454043
"1876",-76.7331604,39.9778231
"1877",-83.8471223,34.9331453
"1878",-71.0787473,42.7634661
